Priceperweek,Population,Monthlyincome,Averageparkingpermonth,Numberofweeklyriders
15,1780000,6400,60,191200
65,1640000,12650,105,148800
75,1620000,13766,130,150400
40,1690000,11800,105,160800
40,1630000,11830,105,159200
40,1695000,11600,100,161600
75,1615000,14010,150,152000
25,1778000,6500,60,177600
63,1610000,16200,200,152800
